tag,count
"golang",429
"tools",363
"security",340
"programming",294
"ubuntu",174
"engineering",158
"photography",151
"language",151
"book",151
"openpgp",147
"vulnerability",146
"cryptography",146
"osanpo-camera",135
"bike",135
"matsue",134
"risk",132
"code",125
"gnupg",106
"astronomy",96
"management",93
"artificial-intelligence",77
"package",71
"web",70
"site",65
"politics",62
"math",61
"windows",58
"communication",57
"install",53
"module",50
"internet",50
"java",49
"ephemeris",48
"calendar",48
"market",46
"privacy",45
"media",45
"copyright",44
"gear",43
"linux",42
"grigori",38
"git",38
"github",37
"creative-commons",37
"editor",35
"unicode",33
"gpgpdump",33
"games",33
"character",33
"plantuml",31
"intellectual-property",31
"mastodon",30
"font",30
"tex",29
"openssh",29
"law",27
"entertainment",27
"bluesky",27
"surveillance-capitalism",26
"atom",26
"hugo",25
"twitter",24
"obsolete",22
"license",22
"error",22
"bookmark",22
"disease",20
"concurrency",20
"firefox",19
"shrine",18
"pa-api",18
"museum",18
"healthcare",18
"music",17
"flickr",17
"blog",17
"nyagos",16
"k-tai",15
"vscode",14
"ruins",14
"random",14
"cli",14
"authentication",14
"amazon",14
"activitypub",14
"rust",13
"luatex",13
"infection",13
"google",13
"comic",13
"android",13
"typst",12
"shimane",12
"shell",12
"pki",12
"pdf",12
"markdown",12
"hash",12
"blockchain",12
"search",11
"nist",11
"javascript",11
"facebook",11
"e-book",11
"certification",11
"censorship",11
"aozora",11
"wireless",10
"type",10
"putty",10
"password",10
"libreoffice",10
"gnkf",10
"design",10
"books-data",10
"atproto",10
"time",9
"sha-1",9
"nas",9
"my-number",9
"messaging",9
"mathjax",9
"logger",9
"library",9
"kindle",9
"japanese",9
"izumo",9
"ecc",9
"cvss",9
"trust",8
"transform",8
"sakura",8
"openssl",8
"interface",8
"hiroshima",8
"hacker-ethic",8
"generativity",8
"election",8
"chromebook",8
"anime",8
"x509",7
"tls",7
"testing",7
"string",7
"object-oriented",7
"lua",7
"json",7
"jaxa",7
"image",7
"goroutine",7
"fintech",7
"encoding",7
"continuous-integration",7
"castle",7
"benchmark",7
"apple",7
"yasugi",6
"uml",6
"tracking",6
"thunderbird",6
"terminal",6
"spam",6
"slice",6
"signal",6
"pokemon",6
"pgpdump",6
"mua",6
"moon",6
"lint",6
"kagi",6
"international",6
"channel",6
"aozora-api",6
"vtuber",5
"versioning",5
"vendoring",5
"tpp",5
"samba",5
"public-domain",5
"ppa",5
"openbd-api",5
"normalization",5
"mersenne-twister",5
"map",5
"leap-second",5
"jvn",5
"generics",5
"gcc",5
"free-culture",5
"fracture",5
"floating-point",5
"environment",5
"emoji",5
"device",5
"conemu",5
"cloud",5
"vpn",4
"telescope",4
"tailscale",4
"sql",4
"shortcodes",4
"seti",4
"scoop",4
"science",4
"rsa",4
"regular-expression",4
"prime-number",4
"presentation",4
"openbd",4
"nodejs",4
"msys2",4
"movie",4
"mingw",4
"malware",4
"instagram",4
"ingress",4
"hayabusa2",4
"git-extensions",4
"filepath",4
"eclipse",4
"drm",4
"comprehension",4
"cms",4
"circle-ratio",4
"azure",4
"api",4
"zonepane",3
"virtualbox",3
"template",3
"sqlite",3
"policy",3
"pointer",3
"ownership",3
"mysql",3
"moving",3
"moral-rights",3
"mono",3
"message-passing",3
"mermaid",3
"medical",3
"julian-day-number",3
"ipa",3
"gravity-wave",3
"gdpr",3
"feed",3
"dot-net",3
"derivative-works",3
"defer",3
"curl",3
"cross-compile",3
"context",3
"compress",3
"chromium",3
"census",3
"boinc",3
"bitcoin",3
"astro-h",3
"asteroid",3
"access-control",3
"xml",2
"wiki",2
"webkit",2
"webassembly",2
"unix",2
"travis-ci",2
"tinygo",2
"tags",2
"struct",2
"ssl",2
"sotc",2
"sort",2
"slack",2
"semantic",2
"section",2
"rfc",2
"revealjs",2
"regexp",2
"refactoring",2
"recursion",2
"react",2
"profile",2
"probability",2
"planetarium",2
"panic",2
"orm",2
"openai",2
"null-safety",2
"null",2
"ntp",2
"metadata",2
"marshal",2
"mars",2
"macos",2
"line",2
"libgcrypt",2
"leak",2
"kotlin",2
"joke",2
"join",2
"japoanese-sake",2
"intelligence",2
"init",2
"html",2
"hidemaru",2
"gzip",2
"grep",2
"gpl",2
"glide",2
"gb",2
"function",2
"format",2
"folklore",2
"flattr",2
"flatpak",2
"facial-recognition",2
"facade",2
"exoplanet",2
"exception",2
"enumeration",2
"earthquake",2
"dsa",2
"docker",2
"dep",2
"currying",2
"cryptrec",2
"contract",2
"constraint",2
"collision",2
"class",2
"christmas",2
"ceremony",2
"base64",2
"anti-intellectualism",2
"amazon-item",2
"zlib",1
"zed",1
"yubikey",1
"wpa2",1
"wireguard",1
"wine",1
"vuls",1
"voyager",1
"venus",1
"vehicle",1
"vector",1
"variable-bindings",1
"unix-time",1
"tumblr",1
"tsunami",1
"truecrypt",1
"trello",1
"transit",1
"tmt",1
"tensorflow",1
"syntax-highlight",1
"sync",1
"swing-by",1
"svg",1
"study",1
"stack",1
"smart-contract",1
"singularity",1
"singleton",1
"sha-3",1
"sequence",1
"scp",1
"satellite-constellation",1
"rune",1
"ruby",1
"review",1
"requirement-revelopment",1
"relation",1
"reference",1
"rc4",1
"ransomware",1
"punycode",1
"pulsar",1
"postgresql",1
"pollution",1
"planet9",1
"physics",1
"php",1
"phishing",1
"permutation",1
"pandoc",1
"pacman",1
"p2p",1
"otr",1
"open-graph",1
"nuclear",1
"norm",1
"nfs",1
"mta",1
"misty1",1
"meteorology",1
"mercury",1
"matrix",1
"living",1
"link",1
"light-pollution",1
"lifetime",1
"life",1
"kaguya",1
"jupiter",1
"juno",1
"jpcert",1
"interstellar-object",1
"integral",1
"information",1
"iau",1
"history",1
"hirosima",1
"helloworld",1
"greatest-common-divisor",1
"godoc",1
"gnu",1
"glibc",1
"gitlab",1
"gaussian",1
"galois-theory",1
"functional-options",1
"freakonomics",1
"file-system",1
"fair-use",1
"entity",1
"embedded",1
"ebcdic",1
"drone",1
"drinking",1
"defect",1
"declining-birth-rate",1
"de-serialize",1
"ddos",1
"dart",1
"credential",1
"contribution",1
"commet",1
"codespaces",1
"closure",1
"class-break",1
"cifs",1
"chart",1
"c-plusplus",1
"bzip2",1
"botnet",1
"bluetooth",1
"blueborne",1
"binary",1
"autocrypt",1
"apache2",1
"aozorahack",1
"algorithm",1
"akatsuki",1
"aead",1
"Windows",1
"Kagi",1
