tag,count,means
"golang",430,"プログラミング言語 Go に関する話題で使うタグ"
"tools",370,"ツールの紹介，使い方，導入手順，運用ノウハウで使うタグ"
"security",341,"セキュリティ全般の話題で使うタグ"
"programming",294,"プログラミング全般の話題で使うタグ"
"ubuntu",179,"Ubuntu 固有の設定や検証で使うタグ"
"engineering",161,"設計，実装，技術的判断の文脈で使うタグ"
"book",152,"書籍紹介，読書感想文，書評で使うタグ"
"language",152,"言語仕様や言語比較の文脈で使うタグ"
"photography",151,"写真，撮影，画像活用の話題で使うタグ"
"openpgp",147,"PGP, OpenPGP に関する話題で使うタグ"
"cryptography",146,"暗号技術に関する話題で使うタグ"
"vulnerability",146,"脆弱性情報や影響評価の話題で使うタグ"
"bike",135,"自転車に関する話題で使うタグ"
"osanpo-camera",135,"「お散歩カメラ」カテゴリの投稿で使うタグ"
"matsue",134,"松江市内の地域の話題で使うタグ"
"risk",134,"リスクに関する評価・管理の文脈で使うタグ"
"code",125,"プログラミング・コードや法的コードに関する話題で使うタグ"
"gnupg",106,"暗号製品 GnuPG (gpg) https://gnupg.org/ に関する話題で使うタグ"
"astronomy",97,"天文，宇宙探査，観測イベントの話題で使うタグ"
"management",94,"マネジメントに関する話題で使うタグ"
"artificial-intelligence",80,"人工知能に関する話題で使うタグ"
"web",73,"Web サービスやブラウザ利用の話題で使うタグ"
"package",71,"ライブラリやソフトウェア製品のパッケージに関する話題で使うタグ"
"site",66,"このブログに関する話題で使うタグ"
"politics",63,"政治的な話題で使うタグ"
"math",61,"数学に関する話題で使うタグ"
"windows",60,"Windows 環境の設定や運用で使うタグ"
"communication",59,"SNS などコミュニケーション全般の話題で使うタグ"
"install",56,"インストール手順やセットアップ記事で使うタグ"
"media",51,"配信サービスやメディア視聴の話題で使うタグ"
"internet",50,"インターネットに関する話題で使うタグ"
"module",50,"ソフトウェアライブラリのモジュールに関する話題で使うタグ"
"java",49,"プログラミング言語 Java に関する話題で使うタグ"
"calendar",48,"暦全般の話題で使うタグ"
"ephemeris",48,"天文暦・暦象に関する話題で使うタグ"
"market",48,"市場に関する話題で使うタグ"
"privacy",45,"プライバシー保護や追跡対策の話題で使うタグ"
"copyright",44,"著作権全般に関する話題で使うタグ"
"linux",44,"Linux 環境の設定，運用，検証で使うタグ"
"gear",43,"衣服や身につけるガジェット，携帯端末等に関する話題で使うタグ"
"git",38,"Git の運用，履歴管理，共同作業で使うタグ"
"github",38,"GitHub の機能や運用フローで使うタグ"
"grigori",38,"白田秀彰氏の「グリゴリの捕縛」 http://orion.mt.tama.hosei.ac.jp/hideaki/kenporon.htm に関する話題で使うタグ"
"creative-commons",37,"Creative Commons に関する話題で使うタグ"
"editor",35,"テキストエディタや IDE に関する話題で使うタグ"
"games",34,"ゲームに関する話題で使うタグ"
"character",33,"文字および文字コードに関する話題で使うタグ"
"gpgpdump",33,"自作ツール gpgpdump https://github.com/goark/gpgpdump に関する話題で使うタグ"
"unicode",33,"Unicode に関する話題で使うタグ"
"intellectual-property",31,"著作権，特許権，商標権など知的財産権に関する話題で使うタグ"
"mastodon",31,"Mastodon に関する話題で使うタグ"
"plantuml",31,"UML 作画ツール PlantUML https://plantuml.com/ に関する話題で使うタグ"
"font",30,"文字フォントに関する話題で使うタグ"
"bluesky",29,"Bluesky に関する話題で使うタグ"
"openssh",29,"暗号製品 OpenSSH https://www.openssh.com/ に関する話題で使うタグ"
"tex",29,"組版ソフト TeX https://www.tug.org/ に関する話題で使うタグ"
"entertainment",28,"娯楽コンテンツや視聴体験の話題で使うタグ"
"law",27,"法・法律に関する話題で使うタグ"
"atom",26,"テキストエディタ Atom https://atom.io/ に関する話題で使うタグ（現在 Atom は開発終了状態）"
"hugo",26,"静的サイトジェネレーター Hugo https://gohugo.io/ に関する話題で使うタグ"
"surveillance-capitalism",26,"監視資本主義（Surveillance Capitalism）に関する話題で使うタグ"
"twitter",24,"Twitter に関する話題で使うタグ"
"bookmark",22,"Web ページへのリンクを主とした記事で使うタグ"
"error",22,"プログラミングにおけるエラーハンドリングに関する話題で使うタグ"
"license",22,"著作物や製品のライセンスに関する話題で使うタグ"
"obsolete",22,"obsolete になった記事に付与するタグ"
"concurrency",20,"プログラミングにおける並行処理に関する話題で使うタグ"
"disease",20,"持病に関する話題で使うタグ"
"firefox",19,"Firefox に関する話題で使うタグ"
"healthcare",18,"健康に関する話題で使うタグ"
"museum",18,"美術館や博物館の紹介や展示イベントなどの話題で使うタグ"
"pa-api",18,"Amazon Product Advertising API https://affiliate.amazon.co.jp/ に関する話題で使うタグ"
"shrine",18,"神社または神社跡の紹介や神社主催の祭りなどに関する話題で使うタグ"
"blog",17,"ブログに関する話題で使うタグ"
"flickr",17,"写真共有サイト Flickr https://www.flickr.com/ に関する話題で使うタグ"
"music",17,"音楽に関する話題で使うタグ"
"authentication",16,"認証全般の話題で使うタグ"
"nyagos",16,"Windows 用の shell ツール Nyagos https://github.com/nyaosorg/nyagos に関する話題で使うタグ"
"activitypub",15,"Activitypub およびエコシステムである Fediverse に関する話題で使うタグ"
"k-tai",15,"スマートフォン，タブレットなどの携帯端末全般の話題で使うタグ"
"vscode",15,"テキストエディタ VS Code https://code.visualstudio.com/ に関する話題で使うタグ"
"amazon",14,"Amazon に関する話題で使うタグ"
"atproto",14,"AT Protocol https://atproto.com/ とエコシステムである Atmosphere の話題で使うタグ"
"cli",14,"コマンドラインツール全般の話題で使うタグ"
"pki",14,"公開鍵基盤，証明書，信用モデルの話題で使うタグ"
"random",14,"乱数，疑似乱数全般の話題で使うタグ"
"ruins",14,"遺跡・史跡に関する話題で使うタグ"
"android",13,"Android に関する話題で使うタグ"
"blockchain",13,"Bitcoin などブロックチェーン技術に関する話題で使うタグ"
"comic",13,"漫画に関する話題で使うタグ"
"google",13,"Google に関する話題で使うタグ"
"infection",13,"マルウェア感染に関する話題で使うタグ"
"luatex",13,"TeX の派生実装 LuaTeX https://www.luatex.org/ に関する話題で使うタグ"
"rust",13,"プログラミング言語 Rust に関する話題で使うタグ"
"shell",13,"シェル操作，自動化スクリプトで使うタグ"
"certification",12,"証明書に関する話題で使うタグ"
"hash",12,"暗号技術のひとつ hash 関数に関する話題で使うタグ"
"markdown",12,"Markdown 記法，執筆，整形の話題で使うタグ"
"pdf",12,"PDF に関する話題で使うタグ"
"shimane",12,"島根県内の地域の話題で使うタグ"
"typst",12,"組版ツール Typst https://typst.app/ に関する話題で使うタグ"
"aozora",11,"青空文庫 https://www.aozora.gr.jp/ に関する話題で使うタグ"
"censorship",11,"検閲および検閲・フィルタリング技術に関する話題で使うタグ"
"e-book",11,"電子書籍・デジタル本に関する話題で使うタグ"
"facebook",11,"Facebook に関する話題で使うタグ"
"javascript",11,"プログラミング言語 JavaScript に関する話題で使うタグ"
"nist",11,"米国の国立標準技術研究所 (NIST) に関する話題で使うタグ"
"search",11,"検索技術や検索サービスに関する話題で使うタグ"
"books-data",10,"自作ツール books-data https://github.com/goark/books-data に関する話題で使うタグ"
"design",10,"設計全般に関する話題で使うタグ"
"gnkf",10,"自作ツール gnkf https://github.com/goark/gnkf に関する話題で使うタグ"
"libreoffice",10,"LibreOffice https://www.libreoffice.org/ に関する話題で使うタグ"
"messaging",10,"オンラインチャットや電子メールなどのメッセージングに関する話題で使うタグ"
"my-number",10,"個人番号（マイナンバー）および個人番号カード（マイナンバーカード）に関する話題で使うタグ"
"password",10,"パスワードに関する安全性や運用方法などの話題で使うタグ"
"putty",10,"Windows 用の ssh クライアント PuTTY https://www.chiark.greenend.org.uk/~sgtatham/putty/ に関する話題で使うタグ"
"type",10,"プログラミングにおける型（type）に関する話題で使うタグ"
"wireless",10,"Wi-Fi など無線通信に関する話題で使うタグ"
"cvss",9,"共通脆弱性評価システム CVSS https://www.first.org/cvss/ に関する話題で使うタグ"
"ecc",9,"楕円曲線暗号（Elliptic Curve Cryptography, ECC）に関する話題で使うタグ"
"hiroshima",9,"広島市内の地域の話題で使うタグ"
"izumo",9,"出雲市内の地域の話題または古代出雲地方に関する話題で使うタグ"
"japanese",9,"日本語に関する話題で使うタグ"
"kindle",9,"Kindle に関する話題で使うタグ"
"library",9,"図書館またはソフトウェアライブラリに関する話題で使うタグ"
"logger",9,"プログラミングにおけるログ出力（logger）に関する話題で使うタグ"
"mathjax",9,"MathJax https://www.mathjax.org/ に関する話題で使うタグ"
"nas",9,"NAS (Network Attached Storage) に関する話題で使うタグ"
"sha-1",9,"暗号学的ハッシュ関数 SHA-1 に関する話題で使うタグ"
"time",9,"プログラミングにおける時間操作に関する話題で使うタグ"
"anime",8,"アニメ作品の紹介，評価で使うタグ"
"chromebook",8,"Chromebook に関する話題で使うタグ"
"election",8,"選挙または選挙制度に関する話題で使うタグ"
"fintech",8,"fintech に関する話題で使うタグ"
"generativity",8,"Generativity https://en.wikipedia.org/wiki/Generativity に関する話題で使うタグ"
"hacker-ethic",8,"ハッカー倫理に関する話題で使うタグ"
"interface",8,"プログラミングにおけるインターフェース設計または Go 言語における interface 型に関する話題で使うタグ"
"openbd",8,"書籍データベース OpenBD https://openbd.jp/ に関する話題で使うタグ"
"openssl",8,"暗号製品 OpenSSL https://www.openssl.org/ に関する話題で使うタグ"
"sakura",8,"テキストエディタのサクラエディタ https://sakura-editor.github.io/ またはプロバイダのさくらインターネット https://www.sakura.ad.jp/ に関する話題で使うタグ"
"transform",8,"プログラミングの文字コード変換に関する話題で使うタグ"
"trust",8,"暗号またはセキュリティにおける信用・信頼に関する話題で使うタグ"
"aozorahack",7,"aozorahack https://aozorahack.org/ に関する話題で使うタグ"
"apple",7,"Apple に関する話題で使うタグ"
"benchmark",7,"ベンチマークテストに関する話題で使うタグ"
"castle",7,"城に関する話題で使うタグ"
"continuous-integration",7,"継続的インテグレーション（CI）に関する話題で使うタグ"
"encoding",7,"符号化・エンコーディングに関する話題で使うタグ"
"goroutine",7,"Go 言語の並行処理または goroutine に関する話題で使うタグ"
"image",7,"画像，画像データに関する話題で使うタグ"
"jaxa",7,"JAXA https://www.jaxa.jp/ に関する話題で使うタグ"
"json",7,"データ企画 JSON に関する話題で使うタグ"
"kagi",7,"検索サービスの Kagi https://kagi.com/ に関する話題で使うタグ"
"lua",7,"プログラミング言語 Lua https://www.lua.org/ に関する話題で使うタグ"
"moon",7,"月に関する話題で使うタグ"
"object-oriented",7,"オブジェクト指向設計・プログラミングに関する話題で使うタグ"
"signal",7,"暗号製品 Signal または Go 言語の signal パッケージに関する話題で使うタグ"
"string",7,"プログラミングの文字列操作に関する話題で使うタグ"
"testing",7,"テストに関する話題または Go 言語における testting パッケージに関する話題で使うタグ"
"tls",7,"TLS (Transport Layer Security) に関する話題で使うタグ"
"x509",7,"暗号技術の X.509 に関する話題で使うタグ"
"channel",6,"Go 言語の channel に関する話題で使うタグ"
"international",6,"国際的な話題全般で使うタグ"
"lint",6,"プログラミングツール lint に関する話題で使うタグ"
"mua",6,"MUA (Mail User Agent) または電子メールソフトに関する話題で使うタグ"
"nasa",6,"NASA https://www.nasa.gov/ に関する話題で使うタグ"
"pgpdump",6,"暗号ツール pgpdump https://github.com/kazu-yamamoto/pgpdump に関する話題で使うタグ"
"pokemon",6,"ゲームのポケモンに関する話題で使うタグ"
"slice",6,"Go 言語の slice に関する話題で使うタグ"
"spam",6,"spam に関する話題で使うタグ"
"terminal",6,"仮想端末に関する話題で使うタグ"
"thunderbird",6,"電子メールソフト Thunderbird https://www.thunderbird.net/ に関する話題で使うタグ"
"tracking",6,"追跡，特にインターネットにおけるユーザ追跡に関する話題で使うタグ"
"uml",6,"UML (Unified Modeling Language) に関する話題で使うタグ"
"vtuber",6,"VTuber に関する話題で使うタグ"
"yasugi",6,"安来市内の地域に関する話題で使うタグ"
"cloud",5,"クラウドに関する話題で使うタグ"
"conemu",5,"仮想ターミナル ConEmu に関する話題で使うタグ"
"device",5,"デバイスまたはデバイスドライバーソフトに関する話題で使うタグ"
"emoji",5,"絵文字に関する話題で使うタグ"
"environment",5,"環境に関する話題で使うタグ"
"floating-point",5,"浮動小数点に関する話題で使うタグ"
"fracture",5,"骨折に関する話題で使うタグ"
"free-culture",5,"フリーカルチャー（free-culture）に関する話題で使うタグ"
"gcc",5,"GCC (GNU Compiler Collection) に関する話題で使うタグ"
"generics",5,"プログラミングの総称型（generics）に関する話題で使うタグ"
"jvn",5,"セキュリティ情報の JVN (Japan Vulnerability Notes) に関する話題で使うタグ"
"leap-second",5,"閏秒（うるう秒）に関する話題で使うタグ"
"map",5,"Go 言語の map 型に関する話題で使うタグ"
"mersenne-twister",5,"疑似乱数生成器 Mersenne Twister https://www.math.sci.hiroshima-u.ac.jp/m-mat/MT/mt.html に関する話題で使うタグ"
"normalization",5,"正規化に関する話題で使うタグ"
"ppa",5,"Ubuntu PPA (Personal Package Archive) に関する話題で使うタグ"
"public-domain",5,"パブリックドメインに関する話題で使うタグ"
"samba",5,"Samba https://www.samba.org/ に関する話題で使うタグ"
"streaming",5,"ライブ配信（生放送）の設定，運用，配信プラットフォームに関する話題で使うタグ"
"tpp",5,"TPP (Trans-Pacific Partnership) に関する話題で使うタグ"
"vendoring",5,"Go 言語のベンダーパッケージ管理に関する話題で使うタグ"
"versioning",5,"ソフトウェアのバージョン番号管理に関する話題で使うタグ"
"api",4,"API (Application Programming Interface) に関する話題で使うタグ"
"azure",4,"Microsoft Azure https://azure.microsoft.com/ に関する話題で使うタグ"
"circle-ratio",4,"円周率に関する話題で使うタグ"
"cms",4,"CMS (Content Management System) に関する話題で使うタグ"
"comprehension",4,"理解，特に読解力に関する話題で使うタグ"
"drm",4,"DRM (Digital Rights Management) に関する話題で使うタグ"
"eclipse",4,"天文現象である日食，月食，星食，その他の掩蔽に関する話題で使うタグ"
"filepath",4,"Go 言語の filepath パッケージに関する話題で使うタグ"
"git-extensions",4,"バージョン管理ツール Git Extensions https://gitextensions.github.io/ に関する話題で使うタグ"
"hayabusa2",4,"惑星探査機 はやぶさ2 に関する話題で使うタグ"
"ingress",4,"ゲーム Ingress に関する話題で使うタグ"
"instagram",4,"Instagram に関する話題で使うタグ"
"malware",4,"マルウェアに関する話題で使うタグ"
"mingw",4,"MinGW (Minimalist GNU for Windows) に関する話題で使うタグ"
"movie",4,"映画に関する話題で使うタグ"
"msys2",4,"MinGW 関連の MSYS2 に関する話題で使うタグ"
"nodejs",4,"Node.js https://nodejs.org/ に関する話題で使うタグ"
"presentation",4,"プレゼンテーションに関する話題で使うタグ"
"prime-number",4,"素数に関する話題で使うタグ"
"regular-expression",4,"正規表現に関する話題で使うタグ"
"rsa",4,"公開鍵暗号 RSA に関する話題で使うタグ"
"science",4,"科学全般に関する話題で使うタグ"
"scoop",4,"Scoop https://scoop.sh/ に関する話題で使うタグ"
"seti",4,"SETI (Search for Extraterrestrial Intelligence) に関する話題で使うタグ"
"shortcodes",4,"Hugo の shortcode 機能に関する話題で使うタグ"
"sql",4,"SQL (Structured Query Language) に関する話題で使うタグ"
"tailscale",4,"Tailscale https://tailscale.com/ に関する話題で使うタグ"
"telescope",4,"望遠鏡に関する話題で使うタグ"
"vpn",4,"VPN (Virtual Private Network) に関する話題で使うタグ"
"access-control",3,"特に著作権におけるアクセス制御に関する話題で使うタグ"
"asteroid",3,"小惑星に関する話題で使うタグ"
"astro-h",3,"X 線天文衛星 ASTRO-H に関する話題で使うタグ"
"bitcoin",3,"Bitcoin に関する話題で使うタグ"
"boinc",3,"BOINC (Berkeley Open Infrastructure for Network Computing) https://boinc.berkeley.edu/ に関する話題で使うタグ"
"census",3,"国勢調査に関する話題で使うタグ"
"chromium",3,"Chromium に関する話題で使うタグ"
"compress",3,"データ圧縮または Go 言語の compress パッケージに関する話題で使うタグ"
"context",3,"Go 言語の context パッケージに関する話題で使うタグ"
"cross-compile",3,"クロスコンパイルに関する話題で使うタグ"
"curl",3,"コマンドラインツール curl https://curl.se/ に関する話題で使うタグ"
"defer",3,"Go 言語の defer に関する話題で使うタグ"
"derivative-works",3,"二次的著作物あるいは二次創作に関する話題で使うタグ"
"dot-net",3,"Microsoft .NET https://dotnet.microsoft.com/ に関する話題で使うタグ"
"feed",3,"Web feed に関する話題で使うタグ"
"flatpak",3,"Flatpak https://flatpak.org/ に関する話題で使うタグ"
"gdpr",3,"GDPR (General Data Protection Regulation) に関する話題で使うタグ"
"gravity-wave",3,"重力波に関する話題で使うタグ"
"ipa",3,"IPA (情報処理推進機構) https://www.ipa.go.jp/ に関する話題で使うタグ"
"julian-day-number",3,"ユリウス日に関する話題で使うタグ"
"medical",3,"医療に関する話題で使うタグ"
"mermaid",3,"Mermaid.js https://mermaid.js.org/ に関する話題で使うタグ"
"message-passing",3,"プログラミングにおける並行処理のメッセージパッシングに関する話題で使うタグ"
"mono",3,".NET 派生 Mono https://www.mono-project.com/ に関する話題で使うタグ"
"moral-rights",3,"著作者人格権 (moral rights) に関する話題で使うタグ"
"moving",3,"引っ越しに関する話題で使うタグ"
"mysql",3,"MySQL https://www.mysql.com/ に関する話題で使うタグ"
"ownership",3,"所有権に関する話題で使うタグ"
"pointer",3,"プログラミングのポインタに関する話題で使うタグ"
"policy",3,"ポリシーに関する話題で使うタグ"
"sqlite",3,"SQLite https://www.sqlite.org/ に関する話題で使うタグ"
"template",3,"Go 言語の template パッケージに関する話題で使うタグ"
"unix",3,"UNIX に関する話題で使うタグ"
"virtualbox",3,"VirtualBox https://www.virtualbox.org/ に関する話題で使うタグ"
"zonepane",3,"Mastodon & Bluesky クライアントツール ZonePane https://play.google.com/store/apps/details?id=com.zonepane に関する話題で使うタグ"
"amazon-item",2,"自作ツール amazon-item https://github.com/spiegel-im-spiegel/amazon-item に関する話題で使うタグ（凍結プロジェクト）"
"anti-intellectualism",2,"反知性主義に関する話題で使うタグ"
"base64",2,"データ符号化アルゴリズム base64 または Go 言語の encoding/base64 パッケージに関する話題で使うタグ"
"ceremony",2,"結婚式，葬式などの儀礼に関する話題で使うタグ"
"christmas",2,"クリスマスに関する話題で使うタグ"
"class",2,"オブジェクト指向設計におけるクラスまたは CSS の class 要素に関する話題で使うタグ"
"collision",2,"ハッシュ衝突に関する話題で使うタグ"
"constraint",2,"総称型における制約に関する話題で使うタグ"
"contract",2,"契約に関する話題で使うタグ"
"cryptrec",2,"CRYPTREC https://www.cryptrec.go.jp/ に関する話題で使うタグ"
"currying",2,"関数プログラミングにおけるカリー化に関する話題で使うタグ"
"dep",2,"Go 言語の開発ツール dep に関する話題で使うタグ"
"docker",2,"Docker https://www.docker.com/ に関する話題で使うタグ"
"dsa",2,"DSA (Digital Signature Algorithm) に関する話題で使うタグ"
"earthquake",2,"地震に関する話題で使うタグ"
"enumeration",2,"プログラミングの列挙型に関する話題で使うタグ"
"exception",2,"プログラミングの例外処理に関する話題で使うタグ"
"exoplanet",2,"太陽系外惑星に関する話題で使うタグ"
"facade",2,"プログラミングデザインパターン facade に関する話題で使うタグ"
"facial-recognition",2,"顔認識に関する話題で使うタグ"
"flattr",2,"Flattr https://en.wikipedia.org/wiki/Flattr に関する話題で使うタグ（サービスは終了している）"
"folklore",2,"民俗学に関する話題で使うタグ"
"format",2,"プログラミングの数値等の書式に関する話題で使うタグ"
"function",2,"プログラミング 関数に関する話題で使うタグ"
"gb",2,"Go 言語の開発ツール gb http://getgb.io/ に関する話題で使うタグ"
"glide",2,"Go 言語の開発ツール Glide https://github.com/Masterminds/glide に関する話題で使うタグ"
"gpl",2,"GPL (GNU General Public License) に関する話題で使うタグ"
"grep",2,"grep に関する話題で使うタグ"
"gzip",2,"gzip に関する話題で使うタグ"
"hidemaru",2,"テキストエディタ 秀丸 に関する話題で使うタグ"
"html",2,"HTML に関する話題で使うタグ"
"init",2,"Go 言語の init 関数に関する話題で使うタグ"
"intelligence",2,"諜報に関する話題で使うタグ"
"japanese-sake",2,"日本酒に関する話題で使うタグ"
"join",2,"文字列連結に関する話題で使うタグ"
"joke",2,"ジョークに関する話題で使うタグ"
"kotlin",2,"プログラミング言語 Kotlin https://kotlinlang.org/ に関する話題で使うタグ"
"leak",2,"情報漏洩に関する話題で使うタグ"
"libgcrypt",2,"GnuPG 関連ライブラリ libgcrypt https://gnupg.org/ に関する話題で使うタグ"
"line",2,"LINE に関する話題で使うタグ"
"macos",2,"macOS に関する話題で使うタグ"
"mars",2,"火星に関する話題で使うタグ"
"marshal",2,"Go 言語におけるデータ・マーシャリングに関する話題で使うタグ"
"metadata",2,"メタデータに関する話題で使うタグ"
"ntp",2,"NTP (Network Time Protocol) に関する話題で使うタグ"
"null",2,"プログラミングにおける null に関する話題で使うタグ"
"null-safety",2,"プログラミングにおける null 安全性に関する話題で使うタグ"
"openai",2,"OpenAI https://www.openai.com/ に関する話題で使うタグ"
"orm",2,"ORM (Object-Relational Mapping) に関する話題で使うタグ"
"panic",2,"Go 言語の panic に関する話題で使うタグ"
"phishing",2,"フィッシングに関する話題で使うタグ"
"planetarium",2,"プラネタリウムに関する話題で使うタグ"
"probability",2,"蓋然性に関する話題で使うタグ"
"profile",2,"プロフィールに関する話題で使うタグ"
"react",2,"React https://reactjs.org/ に関する話題で使うタグ"
"recursion",2,"プログラミングの再帰処理に関する話題で使うタグ"
"refactoring",2,"リファクタリングに関する話題で使うタグ"
"regexp",2,"Go 言語の regexp パッケージに関する話題で使うタグ"
"revealjs",2,"reveal.js https://revealjs.com/ に関する話題で使うタグ"
"rfc",2,"RFC (Request for Comments) に関する話題で使うタグ"
"section",2,"Hugo の section 機能に関する話題で使うタグ"
"semantic",2,"セマンティック Web に関する話題で使うタグ"
"slack",2,"Slack https://slack.com/ に関する話題で使うタグ"
"sort",2,"Go 言語の sort パッケージに関する話題で使うタグ"
"sotc",2,"State of the Commons に関する話題で使うタグ"
"ssl",2,"SSL (Secure Sockets Layer) に関する話題で使うタグ"
"struct",2,"Go 言語の struct に関する話題で使うタグ"
"tags",2,"Hugo の tags 機能に関する話題で使うタグ"
"tinygo",2,"TinyGo https://tinygo.org/ に関する話題で使うタグ"
"travis-ci",2,"Travis CI https://travis-ci.org/ に関する話題で使うタグ"
"webassembly",2,"WebAssembly https://webassembly.org/ に関する話題で使うタグ"
"webkit",2,"WebKit https://webkit.org/ に関する話題で使うタグ"
"wiki",2,"Wiki に関する話題で使うタグ"
"xml",2,"Go 言語の encoding/xml パッケージに関する話題で使うタグ"
"aead",1,"AEAD (Authenticated Encryption with Associated Data) に関する話題で使うタグ"
"akatsuki",1,"金星探査機 あかつき https://akatsuki.isas.jaxa.jp/ に関する話題で使うタグ"
"algorithm",1,"アルゴリズムに関する話題で使うタグ"
"apache2",1,"著作権ライセンス Apache 2.0 https://www.apache.org/licenses/LICENSE-2.0 に関する話題で使うタグ"
"autocrypt",1,"OpenPGP Autocrypt https://www.openpgp.org/software/autocrypt/ に関する話題で使うタグ"
"binary",1,"二進数に関する話題で使うタグ"
"blueborne",1,"Bluetooth の脆弱性 BlueBorne に関する話題で使うタグ"
"bluetooth",1,"Bluetooth に関する話題で使うタグ"
"botnet",1,"マルウェア ボットネットに関する話題で使うタグ"
"bzip2",1,"Go 言語の bzip2 パッケージに関する話題で使うタグ"
"c-plusplus",1,"プログラミング言語 C++ に関する話題で使うタグ"
"chart",1,"数学グラフに関する話題で使うタグ"
"cifs",1,"CIFS (Common Internet File System) に関する話題で使うタグ"
"class-break",1,"セキュリティ・インシデント class break に関する話題で使うタグ"
"closure",1,"関数閉包 (closure) に関する話題で使うタグ"
"codespaces",1,"GitHub codespaces サービス https://github.com/features/codespaces に関する話題で使うタグ"
"comet",1,"彗星に関する話題で使うタグ"
"contribution",1,"FOSS 等におけるコード貢献に関する話題で使うタグ"
"credential",1,"認証における資格情報の話題で使うタグ"
"dart",1,"プログラミング言語 Dart に関する話題で使うタグ"
"ddos",1,"DDoS (Distributed Denial of Service) に関する話題で使うタグ"
"de-serialize",1,"逆シリアル化 (デシリアライズ) に関する話題で使うタグ"
"declining-birth-rate",1,"少子化に関する話題で使うタグ"
"defect",1,"欠陥に関する話題で使うタグ"
"drinking",1,"飲酒に関する話題で使うタグ"
"drone",1,"無人航空機 (ドローン) に関する話題で使うタグ"
"ebcdic",1,"EBCDIC (Extended Binary Coded Decimal Interchange Code) に関する話題で使うタグ"
"embedded",1,"組み込みシステムに関する話題で使うタグ"
"entity",1,"エンティティに関する話題で使うタグ"
"fair-use",1,"フェアユースに関する話題で使うタグ"
"file-system",1,"ファイルシステムに関する話題で使うタグ"
"freakonomics",1,"freakonomics https://freakonomics.com に関する話題で使うタグ"
"functional-options",1,"プログラミングデザインパターンにおける Functional Options に関する話題で使うタグ"
"galois-theory",1,"ガロア理論に関する話題で使うタグ"
"gaussian",1,"ガウス分布に関する話題で使うタグ"
"gitlab",1,"GitLab https://about.gitlab.com/ に関する話題で使うタグ"
"glibc",1,"GNU C Library (glibc) に関する話題で使うタグ"
"gnu",1,"GNU https://www.gnu.org/ に関する話題で使うタグ"
"godoc",1,"Go 言語のドキュメント生成ツール godoc に関する話題で使うタグ"
"greatest-common-divisor",1,"最大公約数に関する話題で使うタグ"
"helloworld",1,"プログラミング例文 Hello World に関する話題で使うタグ"
"history",1,"歴史に関する話題で使うタグ"
"iau",1,"国際天文学連合 (International Astronomical Union) に関する話題で使うタグ"
"information",1,"情報に関する話題で使うタグ"
"integral",1,"積分に関する話題で使うタグ"
"interstellar-object",1,"星間天体に関する話題で使うタグ"
"jpcert",1,"JPCERT に関する話題で使うタグ"
"juno",1,"木星探査機 Juno に関する話題で使うタグ"
"jupiter",1,"木星に関する話題で使うタグ"
"kaguya",1,"月探査機 かぐや に関する話題で使うタグ"
"life",1,"健康生活に関する話題で使うタグ"
"lifetime",1,"プログラミングにおける変数の生存期間に関する話題で使うタグ"
"light-pollution",1,"光害に関する話題で使うタグ"
"link",1,"リンクに関する話題で使うタグ"
"living",1,"日常生活に関する話題で使うタグ"
"matrix",1,"数学の行列に関する話題で使うタグ"
"mercury",1,"水星に関する話題で使うタグ"
"meteorology",1,"気象学に関する話題で使うタグ"
"misty1",1,"暗号方式 MISTY1 に関する話題で使うタグ"
"mta",1,"メール転送エージェント (MTA) に関する話題で使うタグ"
"nfs",1,"ネットワークファイルシステム (NFS) に関する話題で使うタグ"
"norm",1,"規範に関する話題で使うタグ（法・規範・市場・アーキテクチャの「4つの規制」のひとつ）"
"nuclear",1,"原子力開発，原子力兵器に関する話題で使うタグ"
"open-graph",1,"OGP (Open Graph Protocol) に関する話題で使うタグ"
"otr",1,"OTR (Off-the-Record Messaging) に関する話題で使うタグ"
"p2p",1,"P2P (Peer-to-Peer) に関する話題で使うタグ"
"pacman",1,"パッケージ管理 pacman https://wiki.archlinux.jp/index.php/Pacman に関する話題で使うタグ"
"pandoc",1,"Pandoc https://pandoc.org/ に関する話題で使うタグ"
"permutation",1,"順列に関する話題で使うタグ"
"php",1,"PHP に関する話題で使うタグ"
"physics",1,"物理学に関する話題で使うタグ"
"planet9",1,"冥王星を除く太陽系第9惑星に関する話題で使うタグ"
"pollution",1,"汚染に関する話題で使うタグ"
"postgresql",1,"PostgreSQL に関する話題で使うタグ"
"pulsar",1,"パルサーに関する話題で使うタグ"
"punycode",1,"インターネットドメイン名における Punycode https://en.wikipedia.org/wiki/Punycode に関する話題で使うタグ"
"ransomware",1,"ランサムウェアに関する話題で使うタグ"
"rc4",1,"暗号方式 RC4 に関する話題で使うタグ"
"reference",1,"プログラミングの参照に関する話題で使うタグ"
"relation",1,"オブジェクト指向設計における関連・関係に関する話題で使うタグ"
"requirement-revelopment",1,"システム設計の要求開発 に関する話題で使うタグ"
"review",1,"レビューに関する話題で使うタグ"
"ruby",1,"Ruby に関する話題で使うタグ"
"rune",1,"Go 言語の rune に関する話題で使うタグ"
"satellite-constellation",1,"衛星コンステレーションに関する話題で使うタグ"
"scp",1,"SCP に関する話題で使うタグ"
"sequence",1,"UML のシーケンス図に関する話題で使うタグ"
"sha-3",1,"暗号学的ハッシュ関数 SHA-3 に関する話題で使うタグ"
"singleton",1,"プログラミングデザインパターン シングルトン（Singleton）に関する話題で使うタグ"
"singularity",1,"AI におけるシンギュラリティ (Singularity) に関する話題で使うタグ"
"smart-contract",1,"Fintech 用語 smart contract に関する話題で使うタグ"
"stack",1,"プログラム構造のスタックに関する話題で使うタグ"
"study",1,"研究・見学（オトナの社会科見学）に関する話題で使うタグ"
"svg",1,"SVG (Scalable Vector Graphics) に関する話題で使うタグ"
"swing-by",1,"宇宙探査におけるスイングバイ (swing-by) に関する話題で使うタグ"
"sync",1,"Go 言語の sync パッケージに関する話題で使うタグ"
"syntax-highlight",1,"構文強調表示（Syntax Highlighting）に関する話題で使うタグ"
"tensorflow",1,"機械学習ライブラリ TensorFlow https://www.tensorflow.org/ に関する話題で使うタグ"
"tmt",1,"国立天文台 TMT (Thirty Meter Telescope) https://www.nao.ac.jp/research/telescope/tmt.html に関する話題で使うタグ"
"transit",1,"天文学の日面経過（日面通過）に関する話題で使うタグ"
"trello",1,"Trello https://trello.com/ に関する話題で使うタグ"
"truecrypt",1,"TrueCrypt https://www.truecrypt.org/ に関する話題で使うタグ"
"tsunami",1,"津波に関する話題で使うタグ"
"tumblr",1,"Tumblr https://www.tumblr.com/ に関する話題で使うタグ"
"unix-time",1,"UNIX 時刻に関する話題で使うタグ"
"variable-bindings",1,"Rust における変数束縛に関する話題で使うタグ"
"vector",1,"数学のベクトルに関する話題で使うタグ"
"vehicle",1,"自動車に関する話題で使うタグ"
"venus",1,"金星に関する話題で使うタグ"
"voyager",1,"惑星探査機 Voyager https://science.nasa.gov/mission/voyager/ に関する話題で使うタグ"
"vuls",1,"脆弱性検知ツール Vuls に関する話題で使うタグ"
"wine",1,"Wine https://www.winehq.org/ に関する話題で使うタグ"
"wireguard",1,"WireGuard 技術に関する話題で使うタグ"
"wpa2",1,"WPA2 に関する話題で使うタグ"
"yubikey",1,"YubiKey に関する話題で使うタグ"
"zed",1,"テキストエディタ zed https://zed.dev/ に関する話題で使うタグ"
"zlib",1,"Go 言語の compress/zlib パッケージに関する話題で使うタグ"
